-0.0,-5.302999090598945,-0.0,-1.0294927119494672,-0.0,-0.0,8.007868608200589,0.6215501488363477,8.262643810489774,-0.0,-11.039271616981667,-0.0,-0.0,-0.17079905683521002,10.433953201268805,-0.0,-0.0,-0.0,-2.5094991076358086,-5.158158419659403,-0.0,-0.0,6.469207367801699,-12.264660859245549,-0.0,-12.56481108574328,11.085420526469136,-0.0,-0.0,-0.0,-3.0618450052253907,0.9884573554442315,-0.0,12.875275797435396,-0.0,-0.0,-0.08006851463730147,-5.975112823015593,5.732251290944825,0.27180351284456883,5.586814469442231,-0.0,7.21219864129619,0.9689226894238079,-0.0,2.7941104069811393,-0.0,1.573686079189713,-0.0,10.357731134749137,-4.303227237268097,6.137379857867195,-0.0,-2.39857218170977,-0.0,-0.0,-1.4275671141347748,-4.3412192756204195,-0.0,4.185063415486734,-0.8791877938071879,2.580818813174335,-1.8928682848135985,8.407653513681218,-14.49641024023821,-4.248502510744194,-0.0,1.6737050904639026,-0.0,-1.8771428219000708,-0.0,-0.0,-0.0,-0.0,-0.0,-0.0,-0.9101503311155694,-0.6813766552873526,-0.0,-0.0,-1.870910352165807,-2.936419325420052,-0.0,-0.0,-1.5792740960693283,-0.0,-8.523951741390361,-0.0,-0.0,-0.0,4.954479660100471,8.113828717033247,-5.106944860438004,-10.410106823441888,-0.0,-1.8236304973181037,-4.100732405759257,-4.9158766397040266,-2.378254732074073,8.75206120935224
0.0,5.302999090598945,0.0,1.0294927119494672,0.0,0.0,-8.007868608200589,-0.6215501488363477,-8.262643810489774,0.0,11.039271616981667,0.0,0.0,0.17079905683521002,-10.433953201268805,0.0,0.0,0.0,2.5094991076358086,5.158158419659403,0.0,0.0,-6.469207367801699,12.264660859245549,0.0,12.56481108574328,-11.085420526469136,0.0,0.0,0.0,3.0618450052253907,-0.9884573554442315,0.0,-12.875275797435396,0.0,0.0,0.08006851463730147,5.975112823015593,-5.732251290944825,-0.27180351284456883,-5.586814469442231,0.0,-7.21219864129619,-0.9689226894238079,0.0,-2.7941104069811393,0.0,-1.573686079189713,0.0,-10.357731134749137,4.303227237268097,-6.137379857867195,0.0,2.39857218170977,0.0,0.0,1.4275671141347748,4.3412192756204195,0.0,-4.185063415486734,0.8791877938071879,-2.580818813174335,1.8928682848135985,-8.407653513681218,14.49641024023821,4.248502510744194,0.0,-1.6737050904639026,0.0,1.8771428219000708,0.0,0.0,0.0,0.0,0.0,0.0,0.9101503311155694,0.6813766552873526,0.0,0.0,1.870910352165807,2.936419325420052,0.0,0.0,1.5792740960693283,0.0,8.523951741390361,0.0,0.0,0.0,-4.954479660100471,-8.113828717033247,5.106944860438004,10.410106823441888,0.0,1.8236304973181037,4.100732405759257,4.9158766397040266,2.378254732074073,-8.75206120935224
0.0,5.302999090598945,0.0,1.0294927119494672,0.0,0.0,-8.007868608200589,-0.6215501488363477,-8.262643810489774,0.0,11.039271616981667,0.0,0.0,0.17079905683521002,-10.433953201268805,0.0,0.0,0.0,2.5094991076358086,5.158158419659403,0.0,0.0,-6.469207367801699,12.264660859245549,0.0,12.56481108574328,-11.085420526469136,0.0,0.0,0.0,3.0618450052253907,-0.9884573554442315,0.0,-12.875275797435396,0.0,0.0,0.08006851463730147,5.975112823015593,-5.732251290944825,-0.27180351284456883,-5.586814469442231,0.0,-7.21219864129619,-0.9689226894238079,0.0,-2.7941104069811393,0.0,-1.573686079189713,0.0,-10.357731134749137,4.303227237268097,-6.137379857867195,0.0,2.39857218170977,0.0,0.0,1.4275671141347748,4.3412192756204195,0.0,-4.185063415486734,0.8791877938071879,-2.580818813174335,1.8928682848135985,-8.407653513681218,14.49641024023821,4.248502510744194,0.0,-1.6737050904639026,0.0,1.8771428219000708,0.0,0.0,0.0,0.0,0.0,0.0,0.9101503311155694,0.6813766552873526,0.0,0.0,1.870910352165807,2.936419325420052,0.0,0.0,1.5792740960693283,0.0,8.523951741390361,0.0,0.0,0.0,-4.954479660100471,-8.113828717033247,5.106944860438004,10.410106823441888,0.0,1.8236304973181037,4.100732405759257,4.9158766397040266,2.378254732074073,-8.75206120935224
0.0,5.302999090598945,0.0,1.0294927119494672,0.0,0.0,-8.007868608200589,-0.6215501488363477,-8.262643810489774,0.0,11.039271616981667,0.0,0.0,0.17079905683521002,-10.433953201268805,0.0,0.0,0.0,2.5094991076358086,5.158158419659403,0.0,0.0,-6.469207367801699,12.264660859245549,0.0,12.56481108574328,-11.085420526469136,0.0,0.0,0.0,3.0618450052253907,-0.9884573554442315,0.0,-12.875275797435396,0.0,0.0,0.08006851463730147,5.975112823015593,-5.732251290944825,-0.27180351284456883,-5.586814469442231,0.0,-7.21219864129619,-0.9689226894238079,0.0,-2.7941104069811393,0.0,-1.573686079189713,0.0,-10.357731134749137,4.303227237268097,-6.137379857867195,0.0,2.39857218170977,0.0,0.0,1.4275671141347748,4.3412192756204195,0.0,-4.185063415486734,0.8791877938071879,-2.580818813174335,1.8928682848135985,-8.407653513681218,14.49641024023821,4.248502510744194,0.0,-1.6737050904639026,0.0,1.8771428219000708,0.0,0.0,0.0,0.0,0.0,0.0,0.9101503311155694,0.6813766552873526,0.0,0.0,1.870910352165807,2.936419325420052,0.0,0.0,1.5792740960693283,0.0,8.523951741390361,0.0,0.0,0.0,-4.954479660100471,-8.113828717033247,5.106944860438004,10.410106823441888,0.0,1.8236304973181037,4.100732405759257,4.9158766397040266,2.378254732074073,-8.75206120935224
-0.0,-5.302999090598945,-0.0,-1.0294927119494672,-0.0,-0.0,8.007868608200589,0.6215501488363477,8.262643810489774,-0.0,-11.039271616981667,-0.0,-0.0,-0.17079905683521002,10.433953201268805,-0.0,-0.0,-0.0,-2.5094991076358086,-5.158158419659403,-0.0,-0.0,6.469207367801699,-12.264660859245549,-0.0,-12.56481108574328,11.085420526469136,-0.0,-0.0,-0.0,-3.0618450052253907,0.9884573554442315,-0.0,12.875275797435396,-0.0,-0.0,-0.08006851463730147,-5.975112823015593,5.732251290944825,0.27180351284456883,5.586814469442231,-0.0,7.21219864129619,0.9689226894238079,-0.0,2.7941104069811393,-0.0,1.573686079189713,-0.0,10.357731134749137,-4.303227237268097,6.137379857867195,-0.0,-2.39857218170977,-0.0,-0.0,-1.4275671141347748,-4.3412192756204195,-0.0,4.185063415486734,-0.8791877938071879,2.580818813174335,-1.8928682848135985,8.407653513681218,-14.49641024023821,-4.248502510744194,-0.0,1.6737050904639026,-0.0,-1.8771428219000708,-0.0,-0.0,-0.0,-0.0,-0.0,-0.0,-0.9101503311155694,-0.6813766552873526,-0.0,-0.0,-1.870910352165807,-2.936419325420052,-0.0,-0.0,-1.5792740960693283,-0.0,-8.523951741390361,-0.0,-0.0,-0.0,4.954479660100471,8.113828717033247,-5.106944860438004,-10.410106823441888,-0.0,-1.8236304973181037,-4.100732405759257,-4.9158766397040266,-2.378254732074073,8.75206120935224
-0.0,-5.302999090598945,-0.0,-1.0294927119494672,-0.0,-0.0,8.007868608200589,0.6215501488363477,8.262643810489774,-0.0,-11.039271616981667,-0.0,-0.0,-0.17079905683521002,10.433953201268805,-0.0,-0.0,-0.0,-2.5094991076358086,-5.158158419659403,-0.0,-0.0,6.469207367801699,-12.264660859245549,-0.0,-12.56481108574328,11.085420526469136,-0.0,-0.0,-0.0,-3.0618450052253907,0.9884573554442315,-0.0,12.875275797435396,-0.0,-0.0,-0.08006851463730147,-5.975112823015593,5.732251290944825,0.27180351284456883,5.586814469442231,-0.0,7.21219864129619,0.9689226894238079,-0.0,2.7941104069811393,-0.0,1.573686079189713,-0.0,10.357731134749137,-4.303227237268097,6.137379857867195,-0.0,-2.39857218170977,-0.0,-0.0,-1.4275671141347748,-4.3412192756204195,-0.0,4.185063415486734,-0.8791877938071879,2.580818813174335,-1.8928682848135985,8.407653513681218,-14.49641024023821,-4.248502510744194,-0.0,1.6737050904639026,-0.0,-1.8771428219000708,-0.0,-0.0,-0.0,-0.0,-0.0,-0.0,-0.9101503311155694,-0.6813766552873526,-0.0,-0.0,-1.870910352165807,-2.936419325420052,-0.0,-0.0,-1.5792740960693283,-0.0,-8.523951741390361,-0.0,-0.0,-0.0,4.954479660100471,8.113828717033247,-5.106944860438004,-10.410106823441888,-0.0,-1.8236304973181037,-4.100732405759257,-4.9158766397040266,-2.378254732074073,8.75206120935224
0.0,5.302999090598945,0.0,1.0294927119494672,0.0,0.0,-8.007868608200589,-0.6215501488363477,-8.262643810489774,0.0,11.039271616981667,0.0,0.0,0.17079905683521002,-10.433953201268805,0.0,0.0,0.0,2.5094991076358086,5.158158419659403,0.0,0.0,-6.469207367801699,12.264660859245549,0.0,12.56481108574328,-11.085420526469136,0.0,0.0,0.0,3.0618450052253907,-0.9884573554442315,0.0,-12.875275797435396,0.0,0.0,0.08006851463730147,5.975112823015593,-5.732251290944825,-0.27180351284456883,-5.586814469442231,0.0,-7.21219864129619,-0.9689226894238079,0.0,-2.7941104069811393,0.0,-1.573686079189713,0.0,-10.357731134749137,4.303227237268097,-6.137379857867195,0.0,2.39857218170977,0.0,0.0,1.4275671141347748,4.3412192756204195,0.0,-4.185063415486734,0.8791877938071879,-2.580818813174335,1.8928682848135985,-8.407653513681218,14.49641024023821,4.248502510744194,0.0,-1.6737050904639026,0.0,1.8771428219000708,0.0,0.0,0.0,0.0,0.0,0.0,0.9101503311155694,0.6813766552873526,0.0,0.0,1.870910352165807,2.936419325420052,0.0,0.0,1.5792740960693283,0.0,8.523951741390361,0.0,0.0,0.0,-4.954479660100471,-8.113828717033247,5.106944860438004,10.410106823441888,0.0,1.8236304973181037,4.100732405759257,4.9158766397040266,2.378254732074073,-8.75206120935224
-0.0,-5.302999090598945,-0.0,-1.0294927119494672,-0.0,-0.0,8.007868608200589,0.6215501488363477,8.262643810489774,-0.0,-11.039271616981667,-0.0,-0.0,-0.17079905683521002,10.433953201268805,-0.0,-0.0,-0.0,-2.5094991076358086,-5.158158419659403,-0.0,-0.0,6.469207367801699,-12.264660859245549,-0.0,-12.56481108574328,11.085420526469136,-0.0,-0.0,-0.0,-3.0618450052253907,0.9884573554442315,-0.0,12.875275797435396,-0.0,-0.0,-0.08006851463730147,-5.975112823015593,5.732251290944825,0.27180351284456883,5.586814469442231,-0.0,7.21219864129619,0.9689226894238079,-0.0,2.7941104069811393,-0.0,1.573686079189713,-0.0,10.357731134749137,-4.303227237268097,6.137379857867195,-0.0,-2.39857218170977,-0.0,-0.0,-1.4275671141347748,-4.3412192756204195,-0.0,4.185063415486734,-0.8791877938071879,2.580818813174335,-1.8928682848135985,8.407653513681218,-14.49641024023821,-4.248502510744194,-0.0,1.6737050904639026,-0.0,-1.8771428219000708,-0.0,-0.0,-0.0,-0.0,-0.0,-0.0,-0.9101503311155694,-0.6813766552873526,-0.0,-0.0,-1.870910352165807,-2.936419325420052,-0.0,-0.0,-1.5792740960693283,-0.0,-8.523951741390361,-0.0,-0.0,-0.0,4.954479660100471,8.113828717033247,-5.106944860438004,-10.410106823441888,-0.0,-1.8236304973181037,-4.100732405759257,-4.9158766397040266,-2.378254732074073,8.75206120935224
0.0,5.302999090598945,0.0,1.0294927119494672,0.0,0.0,-8.007868608200589,-0.6215501488363477,-8.262643810489774,0.0,11.039271616981667,0.0,0.0,0.17079905683521002,-10.433953201268805,0.0,0.0,0.0,2.5094991076358086,5.158158419659403,0.0,0.0,-6.469207367801699,12.264660859245549,0.0,12.56481108574328,-11.085420526469136,0.0,0.0,0.0,3.0618450052253907,-0.9884573554442315,0.0,-12.875275797435396,0.0,0.0,0.08006851463730147,5.975112823015593,-5.732251290944825,-0.27180351284456883,-5.586814469442231,0.0,-7.21219864129619,-0.9689226894238079,0.0,-2.7941104069811393,0.0,-1.573686079189713,0.0,-10.357731134749137,4.303227237268097,-6.137379857867195,0.0,2.39857218170977,0.0,0.0,1.4275671141347748,4.3412192756204195,0.0,-4.185063415486734,0.8791877938071879,-2.580818813174335,1.8928682848135985,-8.407653513681218,14.49641024023821,4.248502510744194,0.0,-1.6737050904639026,0.0,1.8771428219000708,0.0,0.0,0.0,0.0,0.0,0.0,0.9101503311155694,0.6813766552873526,0.0,0.0,1.870910352165807,2.936419325420052,0.0,0.0,1.5792740960693283,0.0,8.523951741390361,0.0,0.0,0.0,-4.954479660100471,-8.113828717033247,5.106944860438004,10.410106823441888,0.0,1.8236304973181037,4.100732405759257,4.9158766397040266,2.378254732074073,-8.75206120935224
0.0,5.302999090598945,0.0,1.0294927119494672,0.0,0.0,-8.007868608200589,-0.6215501488363477,-8.262643810489774,0.0,11.039271616981667,0.0,0.0,0.17079905683521002,-10.433953201268805,0.0,0.0,0.0,2.5094991076358086,5.158158419659403,0.0,0.0,-6.469207367801699,12.264660859245549,0.0,12.56481108574328,-11.085420526469136,0.0,0.0,0.0,3.0618450052253907,-0.9884573554442315,0.0,-12.875275797435396,0.0,0.0,0.08006851463730147,5.975112823015593,-5.732251290944825,-0.27180351284456883,-5.586814469442231,0.0,-7.21219864129619,-0.9689226894238079,0.0,-2.7941104069811393,0.0,-1.573686079189713,0.0,-10.357731134749137,4.303227237268097,-6.137379857867195,0.0,2.39857218170977,0.0,0.0,1.4275671141347748,4.3412192756204195,0.0,-4.185063415486734,0.8791877938071879,-2.580818813174335,1.8928682848135985,-8.407653513681218,14.49641024023821,4.248502510744194,0.0,-1.6737050904639026,0.0,1.8771428219000708,0.0,0.0,0.0,0.0,0.0,0.0,0.9101503311155694,0.6813766552873526,0.0,0.0,1.870910352165807,2.936419325420052,0.0,0.0,1.5792740960693283,0.0,8.523951741390361,0.0,0.0,0.0,-4.954479660100471,-8.113828717033247,5.106944860438004,10.410106823441888,0.0,1.8236304973181037,4.100732405759257,4.9158766397040266,2.378254732074073,-8.75206120935224
-0.0,-5.302999090598945,-0.0,-1.0294927119494672,-0.0,-0.0,8.007868608200589,0.6215501488363477,8.262643810489774,-0.0,-11.039271616981667,-0.0,-0.0,-0.17079905683521002,10.433953201268805,-0.0,-0.0,-0.0,-2.5094991076358086,-5.158158419659403,-0.0,-0.0,6.469207367801699,-12.264660859245549,-0.0,-12.56481108574328,11.085420526469136,-0.0,-0.0,-0.0,-3.0618450052253907,0.9884573554442315,-0.0,12.875275797435396,-0.0,-0.0,-0.08006851463730147,-5.975112823015593,5.732251290944825,0.27180351284456883,5.586814469442231,-0.0,7.21219864129619,0.9689226894238079,-0.0,2.7941104069811393,-0.0,1.573686079189713,-0.0,10.357731134749137,-4.303227237268097,6.137379857867195,-0.0,-2.39857218170977,-0.0,-0.0,-1.4275671141347748,-4.3412192756204195,-0.0,4.185063415486734,-0.8791877938071879,2.580818813174335,-1.8928682848135985,8.407653513681218,-14.49641024023821,-4.248502510744194,-0.0,1.6737050904639026,-0.0,-1.8771428219000708,-0.0,-0.0,-0.0,-0.0,-0.0,-0.0,-0.9101503311155694,-0.6813766552873526,-0.0,-0.0,-1.870910352165807,-2.936419325420052,-0.0,-0.0,-1.5792740960693283,-0.0,-8.523951741390361,-0.0,-0.0,-0.0,4.954479660100471,8.113828717033247,-5.106944860438004,-10.410106823441888,-0.0,-1.8236304973181037,-4.100732405759257,-4.9158766397040266,-2.378254732074073,8.75206120935224
-0.0,-5.302999090598945,-0.0,-1.0294927119494672,-0.0,-0.0,8.007868608200589,0.6215501488363477,8.262643810489774,-0.0,-11.039271616981667,-0.0,-0.0,-0.17079905683521002,10.433953201268805,-0.0,-0.0,-0.0,-2.5094991076358086,-5.158158419659403,-0.0,-0.0,6.469207367801699,-12.264660859245549,-0.0,-12.56481108574328,11.085420526469136,-0.0,-0.0,-0.0,-3.0618450052253907,0.9884573554442315,-0.0,12.875275797435396,-0.0,-0.0,-0.08006851463730147,-5.975112823015593,5.732251290944825,0.27180351284456883,5.586814469442231,-0.0,7.21219864129619,0.9689226894238079,-0.0,2.7941104069811393,-0.0,1.573686079189713,-0.0,10.357731134749137,-4.303227237268097,6.137379857867195,-0.0,-2.39857218170977,-0.0,-0.0,-1.4275671141347748,-4.3412192756204195,-0.0,4.185063415486734,-0.8791877938071879,2.580818813174335,-1.8928682848135985,8.407653513681218,-14.49641024023821,-4.248502510744194,-0.0,1.6737050904639026,-0.0,-1.8771428219000708,-0.0,-0.0,-0.0,-0.0,-0.0,-0.0,-0.9101503311155694,-0.6813766552873526,-0.0,-0.0,-1.870910352165807,-2.936419325420052,-0.0,-0.0,-1.5792740960693283,-0.0,-8.523951741390361,-0.0,-0.0,-0.0,4.954479660100471,8.113828717033247,-5.106944860438004,-10.410106823441888,-0.0,-1.8236304973181037,-4.100732405759257,-4.9158766397040266,-2.378254732074073,8.75206120935224
0.0,5.302999090598945,0.0,1.0294927119494672,0.0,0.0,-8.007868608200589,-0.6215501488363477,-8.262643810489774,0.0,11.039271616981667,0.0,0.0,0.17079905683521002,-10.433953201268805,0.0,0.0,0.0,2.5094991076358086,5.158158419659403,0.0,0.0,-6.469207367801699,12.264660859245549,0.0,12.56481108574328,-11.085420526469136,0.0,0.0,0.0,3.0618450052253907,-0.9884573554442315,0.0,-12.875275797435396,0.0,0.0,0.08006851463730147,5.975112823015593,-5.732251290944825,-0.27180351284456883,-5.586814469442231,0.0,-7.21219864129619,-0.9689226894238079,0.0,-2.7941104069811393,0.0,-1.573686079189713,0.0,-10.357731134749137,4.303227237268097,-6.137379857867195,0.0,2.39857218170977,0.0,0.0,1.4275671141347748,4.3412192756204195,0.0,-4.185063415486734,0.8791877938071879,-2.580818813174335,1.8928682848135985,-8.407653513681218,14.49641024023821,4.248502510744194,0.0,-1.6737050904639026,0.0,1.8771428219000708,0.0,0.0,0.0,0.0,0.0,0.0,0.9101503311155694,0.6813766552873526,0.0,0.0,1.870910352165807,2.936419325420052,0.0,0.0,1.5792740960693283,0.0,8.523951741390361,0.0,0.0,0.0,-4.954479660100471,-8.113828717033247,5.106944860438004,10.410106823441888,0.0,1.8236304973181037,4.100732405759257,4.9158766397040266,2.378254732074073,-8.75206120935224
0.0,5.302999090598945,0.0,1.0294927119494672,0.0,0.0,-8.007868608200589,-0.6215501488363477,-8.262643810489774,0.0,11.039271616981667,0.0,0.0,0.17079905683521002,-10.433953201268805,0.0,0.0,0.0,2.5094991076358086,5.158158419659403,0.0,0.0,-6.469207367801699,12.264660859245549,0.0,12.56481108574328,-11.085420526469136,0.0,0.0,0.0,3.0618450052253907,-0.9884573554442315,0.0,-12.875275797435396,0.0,0.0,0.08006851463730147,5.975112823015593,-5.732251290944825,-0.27180351284456883,-5.586814469442231,0.0,-7.21219864129619,-0.9689226894238079,0.0,-2.7941104069811393,0.0,-1.573686079189713,0.0,-10.357731134749137,4.303227237268097,-6.137379857867195,0.0,2.39857218170977,0.0,0.0,1.4275671141347748,4.3412192756204195,0.0,-4.185063415486734,0.8791877938071879,-2.580818813174335,1.8928682848135985,-8.407653513681218,14.49641024023821,4.248502510744194,0.0,-1.6737050904639026,0.0,1.8771428219000708,0.0,0.0,0.0,0.0,0.0,0.0,0.9101503311155694,0.6813766552873526,0.0,0.0,1.870910352165807,2.936419325420052,0.0,0.0,1.5792740960693283,0.0,8.523951741390361,0.0,0.0,0.0,-4.954479660100471,-8.113828717033247,5.106944860438004,10.410106823441888,0.0,1.8236304973181037,4.100732405759257,4.9158766397040266,2.378254732074073,-8.75206120935224
0.0,0.0,0.0,0.0,0.0,0.0,0.0,0.0,0.0,0.0,0.0,0.0,0.0,0.0,0.0,0.0,0.0,0.0,0.0,0.0,0.0,0.0,0.0,0.0,0.0,0.0,0.0,0.0,0.0,0.0,0.0,0.0,0.0,0.0,0.0,0.0,0.0,0.0,0.0,0.0
-2.3095391818072617,0.0,2.7248771225564767,0.0,0.0,-0.3996103982011904,15.241632377271557,-3.578927016884541,1.8929350774221203,10.504840456417918,7.226898006491494,-5.364238725437251,12.539537111797346,0.0,5.812607639554116,0.0,1.2107431498836565,0.41959062243140677,0.1725078085371332,0.0,6.386855499316394,0.0,0.0,5.404288332742688,0.0,-9.368998848579697,10.422044129884156,13.639346946506153,0.0,8.65450109301193,0.0,0.0,-2.919445727389205,-6.78437111955205,-4.434953066594921,-8.585054844072179,0.0,-0.7291543779455072,0.0,0.0
0.0,0.0,0.0,0.0,0.0,0.0,0.0,0.0,0.0,0.0,0.0,0.0,0.0,0.0,0.0,0.0,0.0,0.0,0.0,0.0,0.0,0.0,0.0,0.0,0.0,0.0,0.0,0.0,0.0,0.0,0.0,0.0,0.0,0.0,0.0,0.0,0.0,0.0,0.0,0.0
-2.5384812496756783,0.0,2.994991181689803,0.0,0.0,-0.4392233355466876,16.752518558216188,-3.9337020986194693,2.080579640623061,11.54617368672846,7.943292422708147,-5.895989784702862,13.782567573935319,0.0,6.388805013987026,0.0,1.3307627808885645,0.4611841773337626,0.18960831703728998,0.0,7.019977429746709,0.0,0.0,5.940009465339832,0.0,-10.297737355008575,11.45516985180607,14.991400342657839,0.0,9.512412226198748,0.0,0.0,-3.208847157390091,-7.456898334302128,-4.874585065031547,-9.436081847315148,0.0,-0.8014346459734885,0.0,0.0
0.0,0.0,0.0,0.0,0.0,0.0,0.0,0.0,0.0,0.0,0.0,0.0,0.0,0.0,0.0,0.0,0.0,0.0,0.0,0.0,0.0,0.0,0.0,0.0,0.0,0.0,0.0,0.0,0.0,0.0,0.0,0.0,0.0,0.0,0.0,0.0,0.0,0.0,0.0,0.0
0.0,0.0,0.0,0.0,0.0,0.0,0.0,0.0,0.0,0.0,0.0,0.0,0.0,0.0,0.0,0.0,0.0,0.0,0.0,0.0,0.0,0.0,0.0,0.0,0.0,0.0,0.0,0.0,0.0,0.0,0.0,0.0,0.0,0.0,0.0,0.0,0.0,0.0,0.0,0.0
-0.386465830350776,0.0,0.45596624126054947,0.0,0.0,-0.06686864876515242,2.5504525573686907,-0.5988783443209567,0.3167535464471287,1.7578233448783185,1.209310134653599,-0.8976227766803488,2.098298509199986,0.0,0.9726504125232946,0.0,0.20259922864575586,0.07021203172593982,0.028866526272191884,0.0,1.0687419522115376,0.0,0.0,0.9043244619621749,0.0,-1.5677577363023856,1.7439686541521688,2.2823347551952096,0.0,1.4481975354777408,0.0,0.0,-0.488524302201534,-1.1352600721299713,-0.7421211265647891,-1.436576774733493,0.0,-0.12201276096390146,0.0,0.0
-0.23291226059721204,0.0,0.27479823484424415,0.0,0.0,-0.04029988403589624,1.5370871731234534,-0.36092740429834347,0.1908985963603098,1.0593914825912365,0.7288177507689021,-0.5409724059961688,1.264586441554075,0.0,0.5861894857457132,0.0,0.12210094821657158,0.042314848418989026,0.01739705650960799,0.0,0.6441011974040022,0.0,0.0,0.5450113262478878,0.0,-0.9448442003256221,1.0510416439160455,1.3754999938535535,0.0,0.8727885760903584,0.0,0.0,-0.2944200771363392,-0.6841898274047883,-0.44725586494482095,-0.8657850651917482,0.0,-0.07353371435714173,0.0,0.0
-2.321819012567408,0.0,2.739365307113278,0.0,0.0,-0.4017351285796832,15.322672208756384,-3.5979561887714917,1.9029998221875668,10.560694742841502,7.2653234573951275,-5.392760408128014,12.606209889967298,0.0,5.843513301883259,0.0,1.2171806769417355,0.4218215877566931,0.1734250333715619,0.0,6.420814440233665,0.0,0.0,5.433022959385039,0.0,-9.418813859798746,10.477458187847706,13.711867418772378,0.0,8.700517116283088,0.0,0.0,-2.934968434138747,-6.8204436529034576,-4.458533733039541,-8.63070162130905,0.0,-0.7330312952239506,0.0,0.0
0.0,0.0,0.0,0.0,0.0,0.0,0.0,0.0,0.0,0.0,0.0,0.0,0.0,0.0,0.0,0.0,0.0,0.0,0.0,0.0,0.0,0.0,0.0,0.0,0.0,0.0,0.0,0.0,0.0,0.0,0.0,0.0,0.0,0.0,0.0,0.0,0.0,0.0,0.0,0.0
-1.283051734916448,0.0,1.5137904336372465,0.0,0.0,-0.22200134933475146,8.46740467477766,-1.988253134791922,1.0516096259818024,5.835906088452023,4.014863267241573,-2.9800731926931365,6.966270575999017,0.0,3.2291620662103546,0.0,0.6726216689603106,0.23310125253818548,0.09583576012640016,0.0,3.5481822926450906,0.0,0.0,3.002322530803847,0.0,-5.204895557430541,5.789909046600271,7.577263854492384,0.0,4.8079602760997595,0.0,0.0,-1.6218819472852442,-3.7690198996523185,-2.4638136781532665,-4.769379796111599,0.0,-0.40507768693182555,0.0,0.0
0.0,0.0,0.0,0.0,0.0,0.0,0.0,0.0,0.0,0.0,0.0,0.0,0.0,0.0,0.0,0.0,0.0,0.0,0.0,0.0,0.0,0.0,0.0,0.0,0.0,0.0,0.0,0.0,0.0,0.0,0.0,0.0,0.0,0.0,0.0,0.0,0.0,0.0,0.0,0.0
0.0,0.0,0.0,0.0,0.0,0.0,0.0,0.0,0.0,0.0,0.0,0.0,0.0,0.0,0.0,0.0,0.0,0.0,0.0,0.0,0.0,0.0,0.0,0.0,0.0,0.0,0.0,0.0,0.0,0.0,0.0,0.0,0.0,0.0,0.0,0.0,0.0,0.0,0.0,0.0
-3.837991172505255,0.0,4.528199575445019,0.0,0.0,-0.6640723798144554,25.328537822321433,-5.947459305321168,3.145678659405373,17.456939140889045,12.009655853426825,-8.914289498794542,20.838197126718665,0.0,9.659388758405157,0.0,2.0120124213647017,0.697275507444548,0.2866733985589498,0.0,10.613673593214937,0.0,0.0,8.980843918183211,0.0,-15.569398068372582,17.319348242732566,22.66586061487122,0.0,14.382046019857846,0.0,0.0,-4.851533595355573,-11.274264871949399,-7.370003009321926,-14.266640274636497,0.0,-1.2117084169832282,0.0,0.0
-0.8584114340480014,0.0,1.0127845835236837,0.0,0.0,-0.14852752344818354,5.665022533182549,-1.3302185549036416,0.7035676758244716,3.9044477927336168,2.6860994307169626,-1.9937846879372372,4.6607055291493165,0.0,2.160434816924624,0.0,0.45001001573921684,0.15595378972206397,0.06411784501311679,0.0,2.3738717365839803,0.0,0.0,2.008670359118281,0.0,-3.482277244116718,3.8736739855803926,5.069483758516143,0.0,3.2167121271391146,0.0,0.0,-1.0851020035574432,-2.5216206712246776,-1.6483870253512047,-3.1909002878721235,0.0,-0.271012702510113,0.0,0.0
0.0,0.0,0.0,0.0,0.0,0.0,0.0,0.0,0.0,0.0,0.0,0.0,0.0,0.0,0.0,0.0,0.0,0.0,0.0,0.0,0.0,0.0,0.0,0.0,0.0,0.0,0.0,0.0,0.0,0.0,0.0,0.0,0.0,0.0,0.0,0.0,0.0,0.0,0.0,0.0
0.0,0.0,0.0,0.0,0.0,0.0,0.0,0.0,0.0,0.0,0.0,0.0,0.0,0.0,0.0,0.0,0.0,0.0,0.0,0.0,0.0,0.0,0.0,0.0,0.0,0.0,0.0,0.0,0.0,0.0,0.0,0.0,0.0,0.0,0.0,0.0,0.0,0.0,0.0,0.0
0.0,0.0,0.0,0.0,0.0,0.0,0.0,0.0,0.0,0.0,0.0,0.0,0.0,0.0,0.0,0.0,0.0,0.0,0.0,0.0,0.0,0.0,0.0,0.0,0.0,0.0,0.0,0.0,0.0,0.0,0.0,0.0,0.0,0.0,0.0,0.0,0.0,0.0,0.0,0.0
-0.5216089503404158,0.0,0.6154129390396763,0.0,0.0,-0.090251926441763,3.442319545131917,-0.8082999324398954,0.4275189988437724,2.3725160617010737,1.6321934319527198,-1.2115122155066511,2.8320518838398936,0.0,1.3127762427637075,0.0,0.27344609198120384,0.09476445598461924,0.038960853162996356,0.0,1.4424700040669651,0.0,0.0,1.2205574110992143,0.0,-2.115986467622549,2.3538165283415564,3.080443709350132,0.0,1.9546172961280655,0.0,0.0,-0.6593562185196034,-1.5322488253350184,-1.0016332401277432,-1.938932875053989,0.0,-0.16467936665125382,0.0,0.0
-3.3728841912062713,0.0,3.9794496850486283,0.0,0.0,-0.5835967648228968,22.259098827346534,-5.2267164167723035,2.764469573805095,15.34141987531474,10.554265642932698,-7.8340112769707035,18.312920093578743,0.0,8.48881567871707,0.0,1.7681866850417727,0.6127761712489521,0.2519328811816157,0.0,9.327455500584298,0.0,0.0,7.892500298680577,0.0,-13.682620478028063,15.220502930906312,19.919098171891203,0.0,12.639157694027547,0.0,0.0,-4.263600469982198,-9.90799302158068,-6.476869154198278,-12.537737394674075,0.0,-1.0648675258225104,0.0,0.0
0.0,0.0,0.0,0.0,0.0,0.0,0.0,0.0,0.0,0.0,0.0,0.0,0.0,0.0,0.0,0.0,0.0,0.0,0.0,0.0,0.0,0.0,0.0,0.0,0.0,0.0,0.0,0.0,0.0,0.0,0.0,0.0,0.0,0.0,0.0,0.0,0.0,0.0,0.0,0.0
0.0,0.0,0.0,0.0,0.0,0.0,0.0,0.0,0.0,0.0,0.0,0.0,0.0,0.0,0.0,0.0,0.0,0.0,0.0,0.0,0.0,0.0,0.0,0.0,0.0,0.0,0.0,0.0,0.0,0.0,0.0,0.0,0.0,0.0,0.0,0.0,0.0,0.0,0.0,0.0
-2.0228080368681596,0.0,2.386581438584752,0.0,0.0,-0.3499984462116441,13.349371472281778,-3.134600352375747,1.6579256667482953,9.200656074010382,6.329672812789475,-4.6982641779659655,10.982743504919249,0.0,5.090967731169045,0.0,1.0604284150967551,0.36749810955127327,0.15109082551193875,0.0,5.593922257782664,0.0,0.0,4.73334159434799,0.0,-8.205830114337122,9.128138977935574,11.94601106504557,0.0,7.580037829161094,0.0,0.0,-2.5569941948082198,-5.94208599439617,-3.8843500802706705,-7.51921338782135,0.0,-0.6386292761102261,0.0,0.0
-2.502902709589959,0.0,2.9530143446232535,0.0,0.0,-0.43306732196481545,16.517720624161562,-3.878568590022984,2.0514189028177703,11.38434621473022,7.83196178045502,-5.813353480445407,13.589395521561073,0.0,6.29926156933128,0.0,1.312111236012873,0.45472036762775625,0.1869508275997931,0.0,6.921587674684702,0.0,0.0,5.856756195338667,0.0,-10.153407566744749,11.29461786040835,14.781285677402595,0.0,9.379089303390106,0.0,0.0,-3.163872983469076,-7.352384835793522,-4.8062644421553165,-9.303828746647289,0.0,-0.7902019946858356,0.0,0.0
0.0,0.0,0.0,0.0,0.0,0.0,0.0,0.0,0.0,0.0,0.0,0.0,0.0,0.0,0.0,0.0,0.0,0.0,0.0,0.0,0.0,0.0,0.0,0.0,0.0,0.0,0.0,0.0,0.0,0.0,0.0,0.0,0.0,0.0,0.0,0.0,0.0,0.0,0.0,0.0
-0.40241047104907324,0.0,0.47477829996404153,0.0,0.0,-0.06962748666182561,2.6556780299761567,-0.6235866089908804,0.32982202777554726,1.8303468629852733,1.2592033310905513,-0.9346565104098885,2.1848692049238476,0.0,1.0127796041226094,0.0,0.2109579803200674,0.07310880947612652,0.03005748897438032,0.0,1.1128356471489211,0.0,0.0,0.941634690935278,0.0,-1.6324396094310618,1.8159205613992089,2.3764983390540815,0.0,1.5079466453599615,0.0,0.0,-0.5086796273538763,-1.182098142995915,-0.7727392402204027,-1.4958464402763791,0.0,-0.12704671087976038,0.0,0.0
-0.1494903696652337,0.0,0.17637409728833953,0.0,0.0,-0.02586572534457764,0.9865505969017443,-0.23165449063319285,0.12252468661505296,0.6799505699987166,0.46777801521338847,-0.34721300091158097,0.8116511090349359,0.0,0.3762347361762236,0.0,0.07836820542881001,0.027158992473231433,0.0111659746981108,0.0,0.4134042830328208,0.0,0.0,0.34980530618537686,0.0,-0.6064305435040721,0.6745913825218581,0.8828388940472794,0.0,0.5601829914182818,0.0,0.0,-0.1889680090482313,-0.4391344189338848,-0.2870627952951372,-0.5556879191945044,0.0,-0.04719623653096089,0.0,0.0
0.0,0.0,0.0,0.0,0.0,0.0,0.0,0.0,0.0,0.0,0.0,0.0,0.0,0.0,0.0,0.0,0.0,0.0,0.0,0.0,0.0,0.0,0.0,0.0,0.0,0.0,0.0,0.0,0.0,0.0,0.0,0.0,0.0,0.0,0.0,0.0,0.0,0.0,0.0,0.0
0.0,0.0,0.0,0.0,0.0,0.0,0.0,0.0,0.0,0.0,0.0,0.0,0.0,0.0,0.0,0.0,0.0,0.0,0.0,0.0,0.0,0.0,0.0,0.0,0.0,0.0,0.0,0.0,0.0,0.0,0.0,0.0,0.0,0.0,0.0,0.0,0.0,0.0,0.0,0.0
0.0,0.0,0.0,0.0,0.0,0.0,0.0,0.0,0.0,0.0,0.0,0.0,0.0,0.0,0.0,0.0,0.0,0.0,0.0,0.0,0.0,0.0,0.0,0.0,0.0,0.0,0.0,0.0,0.0,0.0,0.0,0.0,0.0,0.0,0.0,0.0,0.0,0.0,0.0,0.0
-2.7252244059891884,0.0,3.2153174521601247,0.0,0.0,-0.47153476271086914,17.98491615507125,-4.223084557515761,2.23363730417729,12.395566967801205,8.527640051325543,-6.329727769621322,14.796480980303695,0.0,6.85879690915503,0.0,1.4286602312004093,0.4951111519482726,0.20355683668515423,0.0,7.5364014697698485,0.0,0.0,6.376985754304506,0.0,-11.055289523970835,12.297868443535647,16.09424142840745,0.0,10.21219201913696,0.0,0.0,-3.444905724446759,-8.005464423350233,-5.233183498988461,-10.13024640245038,0.0,-0.8603921172517226,0.0,0.0
-1.341002874163582,0.0,1.5821632652412692,0.0,0.0,-0.23202840495397603,8.849848916125282,-2.0780558536825833,1.0991073021942634,6.0994943734459275,4.196201161830266,-3.114673093738948,7.280913629896777,0.0,3.375012475401146,0.0,0.7030017315390786,0.24362965351914934,0.10016433965971228,0.0,3.7084417744100096,0.0,0.0,3.137927359753906,0.0,-5.439983215244346,6.051419799640655,7.919503423477931,0.0,5.025119699895784,0.0,0.0,-1.6951369096626268,-3.9392538747025867,-2.575095870177231,-4.984796669153689,0.0,-0.42337368607391923,0.0,0.0
0.0,0.0,0.0,0.0,0.0,0.0,0.0,0.0,0.0,0.0,0.0,0.0,0.0,0.0,0.0,0.0,0.0,0.0,0.0,0.0,0.0,0.0,0.0,0.0,0.0,0.0,0.0,0.0,0.0,0.0,0.0,0.0,0.0,0.0,0.0,0.0,0.0,0.0,0.0,0.0
-2.322639486473122,0.0,2.7403333316408314,0.0,0.0,-0.40187709192317556,15.32808686538769,-3.5992276182631144,1.9036722956612664,10.56442663340481,7.267890844551964,-5.394666077420361,12.61066461542552,0.0,5.8455782561953455,0.0,1.2176107987464775,0.4219706491623185,0.1734863175257999,0.0,6.423083398612043,0.0,0.0,5.434942856475722,0.0,-9.42214223765805,10.481160664653522,13.716712856489451,0.0,8.703591665686588,0.0,0.0,-2.9360055800150064,-6.8228538304462845,-4.460109269533085,-8.633751499628573,0.0,-0.7332903305090213,0.0,0.0
0.0,0.0,0.0,0.0,0.0,0.0,0.0,0.0,0.0,0.0,0.0,0.0,0.0,0.0,0.0,0.0,0.0,0.0,0.0,0.0,0.0,0.0,0.0,0.0,0.0,0.0,0.0,0.0,0.0,0.0,0.0,0.0,0.0,0.0,0.0,0.0,0.0,0.0,0.0,0.0
0.0,0.0,0.0,0.0,0.0,0.0,0.0,0.0,0.0,0.0,0.0,0.0,0.0,0.0,0.0,0.0,0.0,0.0,0.0,0.0,0.0,0.0,0.0,0.0,0.0,0.0,0.0,0.0,0.0,0.0,0.0,0.0,0.0,0.0,0.0,0.0,0.0,0.0,0.0,0.0
-0.07938684630800807,0.0,0.09366344725415048,0.0,0.0,-0.013735990934890863,0.523907598775085,-0.1230200947769422,0.06506672294026838,0.3610876842328411,0.2484134695978797,-0.18438743044944395,0.4310272427111803,0.0,0.199799420146207,0.0,0.041617427890127345,0.014422780318096962,0.005929689780171721,0.0,0.2195383043984227,0.0,0.0,0.1857640739136024,0.0,-0.32204488129535935,0.3582416882431736,0.4688315090357471,0.0,0.2974851232468776,0.0,0.0,-0.10035144287245057,-0.23320229057248976,-0.15244466959226588,-0.2950980155785272,0.0,-0.025063556831053546,0.0,0.0
-2.984514079128905,0.0,3.5212367039394707,0.0,0.0,-0.5163986257485761,19.696079104091215,-4.62488714381037,2.446155247741863,13.574934986229042,9.338996722248492,-6.9319655306077514,16.20428237404191,0.0,7.511372603398084,0.0,1.5645891637175122,0.5422181749421822,0.2229241172413734,0.0,8.253447401639452,0.0,0.0,6.983719844978434,0.0,-12.107137731713145,13.467941000508132,17.625517381401398,0.0,11.183824272562681,0.0,0.0,-3.7726690005006147,-8.767139039613136,-5.731091280802984,-11.094081994390464,0.0,-0.9422535560249496,0.0,0.0
-0.2615341722231346,0.0,0.30856739226216673,0.0,0.0,-0.04525221980582417,1.7259753540962897,-0.40528072534169457,0.21435757074202533,1.1895770267709762,0.8183800486076825,-0.6074509346780993,1.4199877986174303,0.0,0.6582246101055839,0.0,0.13710557931815082,0.047514797313079615,0.019534930285305396,0.0,0.7232529239081281,0.0,0.0,0.6119861861157011,0.0,-1.0609533614863254,1.1802011006582274,1.5445311954081042,0.0,0.9800430307460273,0.0,0.0,-0.33060050579684086,-0.7682679292836786,-0.5022178399297456,-0.9721788787223118,0.0,-0.08257005906677328,0.0,0.0
-2.5963361978503245,0.0,3.0632505236181014,0.0,0.0,-0.4492337476064164,17.134327993721858,-4.0233557571127925,2.1279984771013094,11.809324450732127,8.124329320857603,-6.030366268072911,14.09668836281468,0.0,6.534413331176434,0.0,1.3610924166622747,0.4716951025895708,0.1939297117125809,0.0,7.1799709023938165,0.0,0.0,6.0753892085693915,0.0,-10.532434799028008,11.716246532278964,15.33307184013321,0.0,9.729211194650027,0.0,0.0,-3.2819805264133537,-7.626849743921472,-4.985682543630744,-9.651141157411642,0.0,-0.8197002762254693,0.0,0.0
-0.7414412703666358,0.0,0.8747789910887342,0.0,0.0,-0.12828864027418518,4.893086621471554,-1.1489582921350916,0.6076970677012525,3.372413992522308,2.3200820669992552,-1.7221045680748333,4.025621387685334,0.0,1.866046363864406,0.0,0.3886900669227771,0.13470297736452608,0.05538092175160614,0.0,2.050399617535682,0.0,0.0,1.734961865301976,0.0,-3.0077698889345754,3.345833532658083,4.37869805658606,0.0,2.7783916096071266,0.0,0.0,-0.9372421849055002,-2.1780157622539846,-1.423772006820606,-2.756096982418427,0.0,-0.23408355767935518,0.0,0.0
0.0,0.0,0.0,0.0,0.0,0.0,0.0,0.0,0.0,0.0,0.0,0.0,0.0,0.0,0.0,0.0,0.0,0.0,0.0,0.0,0.0,0.0,0.0,0.0,0.0,0.0,0.0,0.0,0.0,0.0,0.0,0.0,0.0,0.0,0.0,0.0,0.0,0.0,0.0,0.0
-1.6391323555408146,0.0,1.9339071151675367,0.0,0.0,-0.2836125658580765,10.817332296261164,-2.540045701629574,1.3434589708552909,7.455523602952979,5.129093477151578,-3.8071219258678055,8.89959398193364,0.0,4.1253395166915094,0.0,0.859291882491787,0.29779298430028733,0.12243270553019459,0.0,4.532896251147883,0.0,0.0,3.8355460408073387,0.0,-6.649391044197149,7.396761171550878,9.680153973820213,0.0,6.142295776735195,0.0,0.0,-2.0719968683382084,-4.815022105558054,-3.14758681040093,-6.093008198284583,0.0,-0.5174974048889975,0.0,0.0
-1.0221941748587895,0.0,1.2060213326641267,0.0,0.0,-0.1768662010464852,6.7458945724378285,-1.584020906734036,0.8378066173411387,4.649406603255222,3.198600440609756,-2.3741937876122567,5.549956412116218,0.0,2.5726403417163426,0.0,0.5358707939705951,0.18570938023191808,0.07635136844326063,0.0,2.8268004883802296,0.0,0.0,2.3919196073842186,0.0,-4.146686976655976,4.61276123116143,6.036728498663815,0.0,3.830452703843367,0.0,0.0,-1.2921367344018808,-3.002739547834635,-1.9628951204447582,-3.799716030618166,0.0,-0.32272124395198176,0.0,0.0
0.0,0.0,0.0,0.0,0.0,0.0,0.0,0.0,0.0,0.0,0.0,0.0,0.0,0.0,0.0,0.0,0.0,0.0,0.0,0.0,0.0,0.0,0.0,0.0,0.0,0.0,0.0,0.0,0.0,0.0,0.0,0.0,0.0,0.0,0.0,0.0,0.0,0.0,0.0,0.0
-1.600694654260133,0.0,1.888556937223628,0.0,0.0,-0.2769618429624848,10.563665540155693,-2.480481556252001,1.3119548190215302,7.280691358215289,5.008816086342343,-3.7178448062801333,8.690898244923401,0.0,4.028600185369078,0.0,0.8391414629234806,0.29080973018092093,0.1195616550343348,0.0,4.426599702581214,0.0,0.0,3.7456023748998897,0.0,-6.493462631344265,7.22330690753398,9.45315408235999,0.0,5.998258762612658,0.0,0.0,-2.023408481677136,-4.702109697522368,-3.0737758084008586,-5.9501269793063045,0.0,-0.5053620757342703,0.0,0.0
0.0,0.0,0.0,0.0,0.0,0.0,0.0,0.0,0.0,0.0,0.0,0.0,0.0,0.0,0.0,0.0,0.0,0.0,0.0,0.0,0.0,0.0,0.0,0.0,0.0,0.0,0.0,0.0,0.0,0.0,0.0,0.0,0.0,0.0,0.0,0.0,0.0,0.0,0.0,0.0
-1.0926918329171817,0.0,1.2891969969482902,0.0,0.0,-0.1890641310192171,7.2111386332654925,-1.6932660648329922,0.8955876200909667,4.97006219389777,3.419198293418573,-2.537934792912517,5.932720214731706,0.0,2.7500676090382274,0.0,0.572828191034648,0.19851719767779064,0.08161709270308326,0.0,3.021756416647631,0.0,0.0,2.5568831091649162,0.0,-4.432671506548123,4.9308895006992115,6.453063508153519,0.0,4.094627506993364,0.0,0.0,-1.3812515189575014,-3.2098294639074796,-2.0982700936241128,-4.06177101785434,0.0,-0.34497835758447604,0.0,0.0
0.0,0.0,0.0,0.0,0.0,0.0,0.0,0.0,0.0,0.0,0.0,0.0,0.0,0.0,0.0,0.0,0.0,0.0,0.0,0.0,0.0,0.0,0.0,0.0,0.0,0.0,0.0,0.0,0.0,0.0,0.0,0.0,0.0,0.0,0.0,0.0,0.0,0.0,0.0,0.0
-0.5653113353675785,0.0,0.6669745796040443,0.0,0.0,-0.09781357667078416,3.730730190788406,-0.8760223801507028,0.463338169281136,2.571294495897651,1.7689448158303385,-1.313017324406007,3.0693319799036187,0.0,1.4227656376510642,0.0,0.2963564473118332,0.10270418313007301,0.04222514186970816,0.0,1.5633256363691455,0.0,0.0,1.3228203609446931,0.0,-2.2932718751293715,2.551028244393875,3.3385350188505964,0.0,2.1183825796807962,0.0,0.0,-0.714599594449008,-1.6606264693123831,-1.085553888896326,-2.1013840580563743,0.0,-0.17847683136639247,0.0,0.0
-2.2528414578836973,0.0,2.6579831152855333,0.0,0.0,-0.3898002160606704,14.867459957302144,-3.491066625710264,1.8464647203611388,10.246953277559578,7.049482238348874,-5.232550062733145,12.231699418938794,0.0,5.6699118040301,0.0,1.1810201725056615,0.40928993844261363,0.16827285111352985,0.0,6.230062242595556,0.0,0.0,5.271616477548868,0.0,-9.138995861688914,10.16618954839445,13.304509618885852,0.0,8.442038573417957,0.0,0.0,-2.8477751841201293,-6.6178191061627984,-4.326077778154481,-8.374297185898582,0.0,-0.7112540998536403,0.0,0.0
-0.7085278774976835,0.0,0.8359465902527626,0.0,0.0,-0.12259376653741572,4.675877128621674,-1.0979547707902615,0.580720726979524,3.22270882895925,2.217091074170387,-1.6456584536274457,3.846919629946618,0.0,1.7832105149033974,0.0,0.3714356876641709,0.12872336415467078,0.05292250176892299,0.0,1.9593801250316696,0.0,0.0,1.6579450012999264,0.0,-2.8742516778900837,3.197308304921522,4.184322837467667,0.0,2.655055752479049,0.0,0.0,-0.8956369742461368,-2.0813312488300317,-1.360569202648226,-2.6337508082940557,0.0,-0.2236923312855872,0.0,0.0
0.0,0.0,0.0,0.0,0.0,0.0,0.0,0.0,0.0,0.0,0.0,0.0,0.0,0.0,0.0,0.0,0.0,0.0,0.0,0.0,0.0,0.0,0.0,0.0,0.0,0.0,0.0,0.0,0.0,0.0,0.0,0.0,0.0,0.0,0.0,0.0,0.0,0.0,0.0,0.0
-1.0202581324155862,0.0,1.2037371203834522,0.0,0.0,-0.17653121530657778,6.733117804059727,-1.5810207607913318,0.8362198061361217,4.64060059678306,3.1925422704849606,-2.3696970490724953,5.539444758424521,0.0,2.56776774410704,0.0,0.5348558511870056,0.18535764545287803,0.07620675845277303,0.0,2.821446509793208,0.0,0.0,2.3873892960260408,0.0,-4.138833124439891,4.604024631263348,6.025294895461055,0.0,3.8231978014053363,0.0,0.0,-1.2896894189878894,-2.9970523395199367,-1.959177384266832,-3.792519343639967,0.0,-0.32211000780822197,0.0,0.0
0.0,0.0,0.0,0.0,0.0,0.0,0.0,0.0,0.0,0.0,0.0,0.0,0.0,0.0,0.0,0.0,0.0,0.0,0.0,0.0,0.0,0.0,0.0,0.0,0.0,0.0,0.0,0.0,0.0,0.0,0.0,0.0,0.0,0.0,0.0,0.0,0.0,0.0,0.0,0.0
0.0,0.0,0.0,0.0,0.0,0.0,0.0,0.0,0.0,0.0,0.0,0.0,0.0,0.0,0.0,0.0,0.0,0.0,0.0,0.0,0.0,0.0,0.0,0.0,0.0,0.0,0.0,0.0,0.0,0.0,0.0,0.0,0.0,0.0,0.0,0.0,0.0,0.0,0.0,0.0
-0.23500980887165213,0.0,0.27727299749451756,0.0,0.0,-0.04066281448877529,1.5509297872451064,-0.3641778242296212,0.19261778031551202,1.068932091447842,0.73538129710857,-0.5458442651838622,1.2759749837525867,0.0,0.5914685583937915,0.0,0.12320055814085151,0.04269592512597242,0.017553729952940245,0.0,0.6499018081220269,0.0,0.0,0.54991955891881,0.0,-0.9533532256423918,1.0605070562601955,1.3878873951487964,0.0,0.8806486868764338,0.0,0.0,-0.2970715490819309,-0.6903514660758594,-0.45128373692263235,-0.8735821041491327,0.0,-0.07419594018959685,0.0,0.0
-2.681951644178083,0.0,3.164262696467845,0.0,0.0,-0.4640474484817728,17.69934077593523,-4.1560278660506755,2.1981702597666923,12.19874265647754,8.392233023581012,-6.229220522767814,14.561533503796408,0.0,6.749888782430369,0.0,1.4059750997455946,0.4872494775477372,0.20032463808545709,0.0,7.416733927897883,0.0,0.0,6.275728116580296,0.0,-10.87974694873474,12.102595448485442,15.838687326392463,0.0,10.050036656135585,0.0,0.0,-3.390205427271933,-7.878348816129928,-5.150087845446,-9.96939222152581,0.0,-0.8467302906982237,0.0,0.0
0.0,0.0,0.0,0.0,0.0,0.0,0.0,0.0,0.0,0.0,0.0,0.0,0.0,0.0,0.0,0.0,0.0,0.0,0.0,0.0,0.0,0.0,0.0,0.0,0.0,0.0,0.0,0.0,0.0,0.0,0.0,0.0,0.0,0.0,0.0,0.0,0.0,0.0,0.0,0.0
-2.6491250299591522,0.0,3.1255326801941417,0.0,0.0,-0.45836758971039715,17.48270397234399,-4.1051588193480155,2.171265044207893,12.049432201902615,8.289513574295455,-6.1529759642839075,14.383302906759805,0.0,6.667271336451236,0.0,1.3887662129631055,0.4812856300404355,0.19787269991302464,0.0,7.3259544151709965,0.0,0.0,6.198914313366102,0.0,-10.746580768553608,11.954461818746948,15.644824592242724,0.0,9.927025983324524,0.0,0.0,-3.3487099118976853,-7.781919218739286,-5.087051680247776,-9.847368622344353,0.0,-0.8363664615588837,0.0,0.0
-0.7254463056862762,0.0,0.8559075583471147,0.0,0.0,-0.1255210950186287,4.787529039480365,-1.1241720440040435,0.5945873400360618,3.2996615779294824,2.2700313991980976,-1.6849539496197505,3.938777460207859,0.0,1.825790517751112,0.0,0.380304933614832,0.13179705689395468,0.054186200169754256,0.0,2.0061667554414413,0.0,0.0,1.6975338789375896,0.0,-2.942883868877494,3.2736545330256974,4.2842372765347685,0.0,2.7184539214313688,0.0,0.0,-0.91702324613899,-2.1310298625167174,-1.3930572572211952,-2.6966402517894057,0.0,-0.22903371976639042,0.0,0.0
-1.5530402870864988,0.0,1.8323326064462084,0.0,0.0,-0.2687163969478474,10.249174081706531,-2.406635005609463,1.2728965411079523,7.063937501794954,4.85969835158356,-3.6071606473610456,8.432161042965477,0.0,3.908664511242594,0.0,0.8141593370206115,0.28215201796652445,0.11600217853222383,0.0,4.294815163290047,0.0,0.0,3.634091843903321,0.0,-6.300145403952522,7.008261446700241,9.171723720616237,0.0,5.819684276394902,0.0,0.0,-1.9631694782722942,-4.562122935262574,-2.982266262471455,-5.7729854270140155,0.0,-0.4903169140298962,0.0,0.0
-1.1044421980562653,0.0,1.3030604989842758,0.0,0.0,-0.19109725006271572,7.288684295690008,-1.7114747618690895,0.9052184064051803,5.023508228527993,3.4559669661772396,-2.565226715133891,5.996518283584302,0.0,2.779640721593755,0.0,0.5789881532525847,0.20065197116911815,0.08249476984128545,0.0,3.0542511605336404,0.0,0.0,2.5843787939001386,0.0,-4.480338659513381,4.983914288062183,6.522457137905528,0.0,4.138659471785539,0.0,0.0,-1.3961049380165003,-3.2443466691238934,-2.120834039851,-4.10544965727797,0.0,-0.3486881150335428,0.0,0.0
-0.012732002444710844,0.0,0.015021672920386489,0.0,0.0,-0.0022029678504298378,0.08402390494927747,-0.019729869875062533,0.010435351875934806,0.05791097004370804,0.03984036461088469,-0.02957191681538629,0.06912782360246172,0.0,0.0320436800812518,0.0,0.006674571648606076,0.002313114612930711,0.0009509991678546825,0.0,0.03520938742752944,0.0,0.0,0.02979270185429761,0.0,-0.051649314800221724,0.05745453135665532,0.07519084327951786,0.0,0.0477104393560257,0.0,0.0,-0.016094288605761342,-0.03740080720880834,-0.02444896095760485,-0.04732759683131693,0.0,-0.004019674312392141,0.0,0.0
-1.133860471349685,0.0,1.3377692324466912,0.0,0.0,-0.19618737713125745,7.482828006368058,-1.7570621474000525,0.9293300914863263,5.1573159897840055,3.5480212003263527,-2.6335549089481094,6.156243449813855,0.0,2.853680115008165,0.0,0.5944102656601089,0.20599660082479865,0.08469212674121174,0.0,3.1356051648495327,0.0,0.0,2.6532171285694184,0.0,-4.599678383551998,5.116667412540068,6.696191378561321,0.0,4.248898120420716,0.0,0.0,-1.4332920327192777,-3.330764117804191,-2.1773252491728896,-4.214803718742422,0.0,-0.3579758824515906,0.0,0.0
-2.092748628495322,0.0,2.469099855922789,0.0,0.0,-0.3620999891907446,13.810939214551434,-3.2429822646304096,1.7152500889835185,9.518777871751821,6.548527520336652,-4.86071131592395,11.362482740883879,0.0,5.266992983483169,0.0,1.0970937779875172,0.38020472072515155,0.15631494047150873,0.0,5.787337661070964,0.0,0.0,4.897001568724358,0.0,-8.489554819068521,9.443753425246268,12.359056231094794,0.0,7.842125145735441,0.0,0.0,-2.6454048020000887,-6.14753950376179,-4.018655332054111,-7.779197639084922,0.0,-0.660710515944892,0.0,0.0
0.0,0.0,0.0,0.0,0.0,0.0,0.0,0.0,0.0,0.0,0.0,0.0,0.0,0.0,0.0,0.0,0.0,0.0,0.0,0.0,0.0,0.0,0.0,0.0,0.0,0.0,0.0,0.0,0.0,0.0,0.0,0.0,0.0,0.0,0.0,0.0,0.0,0.0,0.0,0.0
-2.3118694007515046,0.0,2.727626398404114,0.0,0.0,-0.40001358673660903,15.257010484205821,-3.5825379898442122,1.894844961962022,10.515439357891692,7.2341896146077325,-5.3696509959013845,12.552188928731269,0.0,5.818472293656473,0.0,1.2119647341056066,0.420013970095269,0.17268186099168759,0.0,6.393299543130798,0.0,0.0,5.409741011420888,0.0,-9.378451738046792,10.432559493667762,13.653108421042809,0.0,8.663233087064583,0.0,0.0,-2.922391314021482,-6.791216238367131,-4.4394277305166305,-8.59371677004971,0.0,-0.7298900612186685,0.0,0.0
0.0,0.0,0.0,0.0,0.0,0.0,0.0,0.0,0.0,0.0,0.0,0.0,0.0,0.0,0.0,0.0,0.0,0.0,0.0,0.0,0.0,0.0,0.0,0.0,0.0,0.0,0.0,0.0,0.0,0.0,0.0,0.0,0.0,0.0,0.0,0.0,0.0,0.0,0.0,0.0
-0.03811628847655957,0.0,0.044970963595112476,0.0,0.0,-0.006595110113763181,0.25154561616536175,-0.059066075036395826,0.031240716783146327,0.17337031230781438,0.1192716414495068,-0.08853059187153539,0.20695064092473126,0.0,0.09593040522349022,0.0,0.019981923465732798,0.006924860739595529,0.002847043014665429,0.0,0.10540770582620956,0.0,0.0,0.0891915645874139,0.0,-0.15462455266490482,0.17200385414515584,0.2251017375847647,0.0,0.14283258880406047,0.0,0.0,-0.04818209468511747,-0.11196824403841871,-0.07319380064990028,-0.14168645832095206,0.0,-0.012033854559665436,0.0,0.0
0.0,0.0,0.0,0.0,0.0,0.0,0.0,0.0,0.0,0.0,0.0,0.0,0.0,0.0,0.0,0.0,0.0,0.0,0.0,0.0,0.0,0.0,0.0,0.0,0.0,0.0,0.0,0.0,0.0,0.0,0.0,0.0,0.0,0.0,0.0,0.0,0.0,0.0,0.0,0.0
0.0,0.0,0.0,0.0,0.0,0.0,0.0,0.0,0.0,0.0,0.0,0.0,0.0,0.0,0.0,0.0,0.0,0.0,0.0,0.0,0.0,0.0,0.0,0.0,0.0,0.0,0.0,0.0,0.0,0.0,0.0,0.0,0.0,0.0,0.0,0.0,0.0,0.0,0.0,0.0
0.0,0.0,0.0,0.0,0.0,0.0,0.0,0.0,0.0,0.0,0.0,0.0,0.0,0.0,0.0,0.0,0.0,0.0,0.0,0.0,0.0,0.0,0.0,0.0,0.0,0.0,0.0,0.0,0.0,0.0,0.0,0.0,0.0,0.0,0.0,0.0,0.0,0.0,0.0,0.0
0.0,0.0,0.0,0.0,0.0,0.0,0.0,0.0,0.0,0.0,0.0,0.0,0.0,0.0,0.0,0.0,0.0,0.0,0.0,0.0,0.0,0.0,0.0,0.0,0.0,0.0,0.0,0.0,0.0,0.0,0.0,0.0,0.0,0.0,0.0,0.0,0.0,0.0,0.0,0.0
0.0,0.0,0.0,0.0,0.0,0.0,0.0,0.0,0.0,0.0,0.0,0.0,0.0,0.0,0.0,0.0,0.0,0.0,0.0,0.0,0.0,0.0,0.0,0.0,0.0,0.0,0.0,0.0,0.0,0.0,0.0,0.0,0.0,0.0,0.0,0.0,0.0,0.0,0.0,0.0
0.0,0.0,0.0,0.0,0.0,0.0,0.0,0.0,0.0,0.0,0.0,0.0,0.0,0.0,0.0,0.0,0.0,0.0,0.0,0.0,0.0,0.0,0.0,0.0,0.0,0.0,0.0,0.0,0.0,0.0,0.0,0.0,0.0,0.0,0.0,0.0,0.0,0.0,0.0,0.0
-4.601652863862213,0.0,5.429195015809458,0.0,0.0,-0.7962057313410353,30.3682664625431,-7.130850988166948,3.7715879378623463,20.930421770486877,14.399268984208554,-10.688004207849332,24.984463271523847,0.0,11.58135908745702,0.0,2.4123512287433613,0.8360154287793087,0.3437140436700936,0.0,12.72552210025944,0.0,0.0,10.767801247711372,0.0,-18.667308492836145,20.76545381665757,27.1757848630594,0.0,17.243703875503478,0.0,0.0,-5.816864203108363,-13.517554080793307,-8.836444361173928,-17.105335350372837,0.0,-1.452807277703343,0.0,0.0
-0.8891368987564086,0.0,1.0490355882796802,0.0,0.0,-0.15384382865909374,5.86779295656195,-1.3778316010980785,0.7287507557976491,4.044201258383222,2.7822440648495403,-2.065149022841882,4.827528031241184,0.0,2.237764126727969,0.0,0.4661174047005012,0.16153590625987757,0.06641284075290965,0.0,2.458840679647497,0.0,0.0,2.0805675028211237,0.0,-3.606919790016234,4.012325952009314,5.250937823704447,0.0,3.3318491943068285,0.0,0.0,-1.1239414947302295,-2.61187805115768,-1.7073884032037656,-3.3051134615256084,0.0,-0.2807131688555309,0.0,0.0
0.0,0.0,0.0,0.0,0.0,0.0,0.0,0.0,0.0,0.0,0.0,0.0,0.0,0.0,0.0,0.0,0.0,0.0,0.0,0.0,0.0,0.0,0.0,0.0,0.0,0.0,0.0,0.0,0.0,0.0,0.0,0.0,0.0,0.0,0.0,0.0,0.0,0.0,0.0,0.0
0.0,0.0,0.0,0.0,0.0,0.0,0.0,0.0,0.0,0.0,0.0,0.0,0.0,0.0,0.0,0.0,0.0,0.0,0.0,0.0,0.0,0.0,0.0,0.0,0.0,0.0,0.0,0.0,0.0,0.0,0.0,0.0,0.0,0.0,0.0,0.0,0.0,0.0,0.0,0.0
-0.46700099684995067,0.0,0.5509845178429607,0.0,0.0,-0.08080332898510467,3.0819384099976306,-0.7236779084347145,0.38276145089542,2.12413411451976,1.4613168721058314,-1.0846773468289934,2.5355605037468516,0.0,1.1753399047533215,0.0,0.24481864710451262,0.084843435646337,0.03488198822771249,0.0,1.2914558490336356,0.0,0.0,1.0927755885399015,0.0,-1.8944609540458073,2.1073922608498328,2.7579478497595225,0.0,1.7499857415334592,0.0,0.0,-0.5903273153708577,-1.371835602871893,-0.8967708880616929,-1.7359433439253893,0.0,-0.14743885881667396,0.0,0.0
-1.476793421869349,0.0,1.7423738214498528,0.0,0.0,-0.2555237044787051,9.745988555038053,-2.2884807140399754,1.2104033966530148,6.71713188761984,4.621110358541652,-3.4300662770585797,8.018182183641475,0.0,3.7167677403437125,0.0,0.7741879996694401,0.26829970063546593,0.11030702526093616,0.0,4.083960238526779,0.0,0.0,3.455675280397003,0.0,-5.990838336094817,6.664189261080669,8.72143586385582,0.0,5.533965556592024,0.0,0.0,-1.866787227371991,-4.3381444747928875,-2.8358512237586506,-5.489559397815591,0.0,-0.46624469390232903,0.0,0.0
0.0,0.0,0.0,0.0,0.0,0.0,0.0,0.0,0.0,0.0,0.0,0.0,0.0,0.0,0.0,0.0,0.0,0.0,0.0,0.0,0.0,0.0,0.0,0.0,0.0,0.0,0.0,0.0,0.0,0.0,0.0,0.0,0.0,0.0,0.0,0.0,0.0,0.0,0.0,0.0
0.0,0.0,0.0,0.0,0.0,0.0,0.0,0.0,0.0,0.0,0.0,0.0,0.0,0.0,0.0,0.0,0.0,0.0,0.0,0.0,0.0,0.0,0.0,0.0,0.0,0.0,0.0,0.0,0.0,0.0,0.0,0.0,0.0,0.0,0.0,0.0,0.0,0.0,0.0,0.0
-1.521428152692792,0.0,1.795035477008817,0.0,0.0,-0.2632466748004303,10.040552147562618,-2.357647951077446,1.2469867325464001,6.920151056902137,4.760779193670834,-3.5337368938935887,8.260524408464729,0.0,3.8291036467520057,0.0,0.7975871240562782,0.2764088137588949,0.1136409542367467,0.0,4.207394202438635,0.0,0.0,3.5601199059415167,0.0,-6.171905946891645,6.865608287885577,8.985033288121409,0.0,5.70122460538439,0.0,0.0,-1.9232091643636373,-4.469260924824527,-2.9215622339469105,-5.655476311063108,0.0,-0.4803365134500126,0.0,0.0
0.0,0.0,0.0,0.0,0.0,0.0,0.0,0.0,0.0,0.0,0.0,0.0,0.0,0.0,0.0,0.0,0.0,0.0,0.0,0.0,0.0,0.0,0.0,0.0,0.0,0.0,0.0,0.0,0.0,0.0,0.0,0.0,0.0,0.0,0.0,0.0,0.0,0.0,0.0,0.0
-3.0161213290145756,0.0,3.5585280704591735,0.0,0.0,-0.521867502748954,19.904668803286953,-4.673866629171051,2.4720610528828755,13.718699214145401,9.437900595795545,-7.005377939098961,16.375892488330198,0.0,7.590921174644656,0.0,1.5811588160478056,0.5479604917460459,0.2252849766953342,0.0,8.34085485475423,0.0,0.0,7.057680353261972,0.0,-12.235357374020271,13.610572117454572,17.812178967665645,0.0,11.302265639930425,0.0,0.0,-3.812623139993081,-8.859986701597814,-5.791785929723118,-11.21157295357239,0.0,-0.9522324144961534,0.0,0.0
0.0,0.0,0.0,0.0,0.0,0.0,0.0,0.0,0.0,0.0,0.0,0.0,0.0,0.0,0.0,0.0,0.0,0.0,0.0,0.0,0.0,0.0,0.0,0.0,0.0,0.0,0.0,0.0,0.0,0.0,0.0,0.0,0.0,0.0,0.0,0.0,0.0,0.0,0.0,0.0
0.0,0.0,0.0,0.0,0.0,0.0,0.0,0.0,0.0,0.0,0.0,0.0,0.0,0.0,0.0,0.0,0.0,0.0,0.0,0.0,0.0,0.0,0.0,0.0,0.0,0.0,0.0,0.0,0.0,0.0,0.0,0.0,0.0,0.0,0.0,0.0,0.0,0.0,0.0,0.0
0.0,0.0,0.0,0.0,0.0,0.0,0.0,0.0,0.0,0.0,0.0,0.0,0.0,0.0,0.0,0.0,0.0,0.0,0.0,0.0,0.0,0.0,0.0,0.0,0.0,0.0,0.0,0.0,0.0,0.0,0.0,0.0,0.0,0.0,0.0,0.0,0.0,0.0,0.0,0.0
-1.1888872403317876,0.0,1.4026917871747735,0.0,0.0,-0.20570844057017945,7.845973083247836,-1.8423331796965492,0.9744309072784691,5.407602901364705,3.720208297299195,-2.7613625371687758,6.455008769419054,0.0,2.992170520490293,0.0,0.6232572686164204,0.2159937103908387,0.08880227451560607,0.0,3.287777522370629,0.0,0.0,2.781978973330934,0.0,-4.822902886212722,5.364981630014242,7.021160618920706,0.0,4.455099095945133,0.0,0.0,-1.5028503527782267,-3.4924076288669945,-2.2829918426493507,-4.4193500773081045,0.0,-0.37534861629544736,0.0,0.0
-0.5747796282519841,0.0,0.6781456109827768,0.0,0.0,-0.09945183780946815,3.793215486782181,-0.8906947136944265,0.47109853284863035,2.6143606222179185,1.798572538758877,-1.3350088038121137,3.1207396420661047,0.0,1.4465952708467071,0.0,0.3013200655267516,0.10442435611350853,0.04293236280319257,0.0,1.589509482460288,0.0,0.0,1.344976029559998,0.0,-2.331681453035989,2.5937549350918547,3.3944515119150216,0.0,2.1538629697787566,0.0,0.0,-0.7265682882147562,-1.6884399886942694,-1.103735626142392,-2.1365797431231908,0.0,-0.1814661061371856,0.0,0.0
-1.4180863227778104,0.0,1.6731090813206075,0.0,0.0,-0.24536584812796391,9.35855541281741,-2.1975065384656034,1.1622861237184594,6.450105151518683,4.437406951068159,-3.2937105499570016,7.699434680423863,0.0,3.5690147446969753,0.0,0.7434116358672895,0.25763395898319175,0.1059219803612308,0.0,3.9216102071286123,0.0,0.0,3.3183015163280594,0.0,-5.75268401157642,6.3992671578796685,8.374731855090822,0.0,5.313973335954444,0.0,0.0,-1.7925766701490176,-4.1656898350419205,-2.723117380056042,-5.2713324591226325,0.0,-0.4477100274821737,0.0,0.0
-0.518806143195155,0.0,0.6121060866904199,0.0,0.0,-0.08976696784559735,3.423822627448526,-0.80395662348272,0.42522177349150025,2.3597676129529415,1.6234230237560445,-1.2050022906060591,2.8168341709333276,0.0,1.3057221869793016,0.0,0.2719767600996317,0.09425524981747602,0.03875150139179029,0.0,1.4347190534140197,0.0,0.0,1.2139988828554076,0.0,-2.1046164518533463,2.341168559436952,3.0638912908505915,0.0,1.9441143794885738,0.0,0.0,-0.6558132418905926,-1.5240154582634533,-0.9962510763429221,-1.928514236890599,0.0,-0.1637944805594298,0.0,0.0
0.0,0.0,0.0,0.0,0.0,0.0,0.0,0.0,0.0,0.0,0.0,0.0,0.0,0.0,0.0,0.0,0.0,0.0,0.0,0.0,0.0,0.0,0.0,0.0,0.0,0.0,0.0,0.0,0.0,0.0,0.0,0.0,0.0,0.0,0.0,0.0,0.0,0.0,0.0,0.0
-3.2280346794918167,0.0,3.808551038343126,0.0,0.0,-0.5585340287102467,21.303175227967976,-5.002253530435068,2.645748608241221,14.682578049752083,10.101009575360246,-7.497577339750669,17.526466310037474,0.0,8.124260972302315,0.0,1.692251383552307,0.5864603168750966,0.24111354889647085,0.0,8.926885158347098,0.0,0.0,7.553554533080126,0.0,-13.095016284446857,14.566853919375404,19.063666594515034,0.0,12.09636531911143,0.0,0.0,-4.080498883561714,-9.482491323364082,-6.198718087858669,-11.999300544586703,0.0,-1.0191364741729707,0.0,0.0
-1.0181823357170057,0.0,1.2012880210221613,0.0,0.0,-0.17617204844253898,6.719418737848191,-1.5778040477151345,0.8345184501187428,4.6311589240414515,3.186046788121629,-2.3648757110651677,5.528174315409986,0.0,2.5625434154429607,0.0,0.5337676442177735,0.18498052051139213,0.07605170971306707,0.0,2.815706051409031,0.0,0.0,2.3825319617285095,0.0,-4.130412337716685,4.594657375246351,6.0130359515187415,0.0,3.815419199969063,0.0,0.0,-1.287065442806694,-2.99095459704263,-1.9551912813219179,-3.7848031599775136,0.0,-0.3214546492577295,0.0,0.0
-1.6515336031475982,0.0,1.948538551672736,0.0,0.0,-0.2857583045116465,10.899173409211759,-2.559263024484544,1.353623230800995,7.511930148724527,5.167898859763594,-3.8359256167426183,8.966925987306315,0.0,4.156550758807257,0.0,0.8657930606091355,0.3000460082988603,0.12335899942666728,0.0,4.567190961148772,0.0,0.0,3.8645647811174078,0.0,-6.699698601420746,7.452723136102777,9.753391492374062,0.0,6.188766783511376,0.0,0.0,-2.0876730558760137,-4.851451306141713,-3.1714006307234195,-6.139106308105713,0.0,-0.5214126551933447,0.0,0.0
-0.3128928709826848,0.0,0.3691622262431419,0.0,0.0,-0.05413861161249567,2.064913273848553,-0.4848676126266094,0.25645197779020235,1.423179877403769,0.9790891981233653,-0.7267389393780069,1.698837499104021,0.0,0.7874832808910329,0.0,0.16402964850038693,0.05684550213486306,0.023371096669543068,0.0,0.8652815113397926,0.0,0.0,0.7321647995280484,0.0,-1.2692977763952098,1.4119627564646489,1.8478380700524417,0.0,1.172498702445167,0.0,0.0,-0.39552208618782947,-0.9191363256056703,-0.6008407255487523,-1.1630902298022678,0.0,-0.09878473095504425,0.0,0.0
-0.12763653921504314,0.0,0.1505901646739753,0.0,0.0,-0.022084443798365383,0.8423278652066797,-0.197789178956862,0.1046129393015347,0.5805493543582806,0.3993940687712685,-0.2964543194726639,0.6929967384471842,0.0,0.3212333996200296,0.0,0.06691164486265322,0.023188649647555515,0.009533633307758471,0.0,0.3529691718680448,0.0,0.0,0.29866765852906707,0.0,-0.5177771385574319,0.5759736205228327,0.7537776605474336,0.0,0.4782904645421322,0.0,0.0,-0.16134298651669265,-0.374937847892453,-0.24509740534402336,-0.4744525219144604,0.0,-0.040296671339273615,0.0,0.0
7.304210344675815e-157,2.0985747484864394e-135,40.288424880683905,-40.288424880683905
0.0,0.0,0.0,0.0
9.31845574024578e-157,2.6772881651228298e-135,51.39856142950829,-51.39856142950829
0.0,0.0,0.0,0.0
0.0,0.0,0.0,0.0
4.740197036975002e-158,1.3619073568845162e-136,2.6145888909540145,-2.6145888909540145
9.816609306573928e-159,2.820412807737584e-137,0.5414626742221504,-0.5414626742221504
2.6448566618466585e-157,7.598945186406569e-136,14.588450210590812,-14.588450210590812
1.7511745690988196e-158,5.031304627722234e-137,0.9659095473821973,-0.9659095473821973
2.348900534285675e-157,6.7486327958111455e-136,12.956021015570418,-12.956021015570418
5.974384564102403e-157,1.7165021258063085e-135,32.95339706291551,-32.95339706291551
1.0463528011153276e-156,3.0062792044718137e-135,57.714529342869135,-57.714529342869135
7.0372661786503304e-158,2.0218789443349068e-136,3.8816019312833037,-3.8816019312833037
0.0,0.0,0.0,0.0
1.0395957991703469e-157,2.986865642994156e-136,5.734182791118402,-5.734182791118402
0.0,0.0,0.0,0.0
8.329519638417138e-158,2.3931566528537487e-136,4.59438064361281,-4.59438064361281
7.499028133121388e-157,2.1545479026119725e-135,41.36299714309577,-41.36299714309577
3.1747606720224893e-157,9.121413902942491e-136,17.511284699264024,-17.511284699264024
0.0,0.0,0.0,0.0
6.561228423735148e-157,1.885108401777987e-135,36.19029929324878,-36.19029929324878
0.0,0.0,0.0,0.0
0.0,0.0,0.0,0.0
3.534120200874117e-157,1.0153890785848416e-135,19.493433172555196,-19.493433172555196
0.0,0.0,0.0,0.0
3.843031039715519e-157,1.1041423394214315e-135,21.197317718344966,-21.197317718344966
5.2867670553897806e-157,1.5189425440982998e-135,29.160649450354658,-29.160649450354658
7.261061018691483e-157,2.0861775033836975e-135,40.050422646829965,-40.050422646829965
0.0,0.0,0.0,0.0
3.1742371832158745e-157,9.119909865765525e-136,17.508397249633475,-17.508397249633475
0.0,0.0,0.0,0.0
0.0,0.0,0.0,0.0
3.581530788274699e-157,1.0290106279152624e-135,19.754939591305824,-19.754939591305824
2.2314365539897234e-157,6.411146700431271e-136,12.308115420985624,-12.308115420985624
4.351897996505547e-158,1.2503450492923352e-136,2.4004116426961177,-2.4004116426961177
3.255128801581111e-157,9.352319804218661e-136,17.95457770394642,-17.95457770394642
0.0,0.0,0.0,0.0
4.110230535041746e-157,1.1809115023068723e-135,22.67113162671005,-22.67113162671005
0.0,0.0,0.0,0.0
0.0,0.0,0.0,0.0
